,sbert_mpnet,sbert_minilm,labse,gte_base
sbert_mpnet,1.0,0.8512338380348629,0.7629728190303458,0.770059090914922
sbert_minilm,0.8512338380348629,1.0,0.7317349924858911,0.7328415389117391
labse,0.7629728190303456,0.7317349924858911,1.0,0.6883760251481721
gte_base,0.770059090914922,0.7328415389117391,0.6883760251481721,1.0
