model,labse_correlation,avg_gold_performance,performance_std,rank
sbert_mpnet,0.7629728190303458,0.20398554633605892,0.3749833781369884,1
sbert_minilm,0.7317349924858911,0.16143605875126094,0.3720597299311922,2
gte_base,0.6883760251481721,0.1571323613751385,0.3778397043366711,3
