,sbert_mpnet,sbert_minilm,labse,gte_base
sbert_mpnet,1.0,0.9569645484481231,0.8134646472262229,0.930555110930107
sbert_minilm,0.9569645484481231,1.0,0.8229715728472318,0.9269555032981028
labse,0.8134646472262229,0.8229715728472318,1.0,0.806366373623671
gte_base,0.9305551109301071,0.9269555032981027,0.806366373623671,1.0
