,sbert_mpnet,sbert_minilm,labse,gte_base
sbert_mpnet,1.0,0.8447038268153071,0.6572943731774926,0.4713415333661335
sbert_minilm,0.8447038268153071,1.0,0.5897312229248917,0.4843969135876543
labse,0.6572943731774926,0.5897312229248917,1.0,0.47408196032784133
gte_base,0.4713415333661335,0.4843969135876543,0.47408196032784133,1.0
