,sbert_mpnet,sbert_minilm,labse,gte_base
sbert_mpnet,1.0,0.5526038611379661,0.44470564122519585,0.43327506886607836
sbert_minilm,0.5526038611379661,1.0,0.36111459780888566,0.2143815882049753
labse,0.44470564122519596,0.36111459780888566,1.0,0.30070619325867026
gte_base,0.4332750688660783,0.21438158820497533,0.30070619325867026,1.0
