rank,model,labse_correlation,avg_gold_performance,performance_std
1,sbert_mpnet,0.7282421414796936,0.7015287073535413,0.23385377586658182
2,sbert_minilm,0.7110526487967391,0.6418922516992477,0.27677456377949033
3,gte_base,0.6088896446855404,0.6240139578993178,0.3544952475479682
