,sbert_mpnet,sbert_minilm,labse,gte_base
sbert_mpnet,1.0,0.671191726577542,0.45570373857766266,0.48000782020776567
sbert_minilm,0.671191726577542,1.0,0.34760334683991106,0.4709727260694645
labse,0.4557037385776626,0.34760334683991106,1.0,0.14043085646410697
gte_base,0.4800078202077656,0.47097272606946455,0.14043085646410697,1.0
