,sbert_mpnet,sbert_minilm,labse,gte_base
sbert_mpnet,1.0,0.8450563339595488,0.6409448545195188,0.4447316929496581
sbert_minilm,0.8450563339595488,1.0,0.5809631128982476,0.41831748306919386
labse,0.6409448545195188,0.5809631128982476,1.0,0.41345140254518464
gte_base,0.44473169294965814,0.41831748306919386,0.4134514025451846,1.0
