,sbert_mpnet,sbert_minilm,labse,gte_base
sbert_mpnet,1.0,0.5556644413453382,0.0643869852743795,0.46879876819975674
sbert_minilm,0.5556644413453382,1.0,-0.015677920593032885,0.30014921341117956
labse,0.0643869852743795,-0.015677920593032885,1.0,0.08702151817458915
gte_base,0.4687987681997567,0.3001492134111795,0.08702151817458915,1.0
