,sbert_mpnet,sbert_minilm,labse,gte_base
sbert_mpnet,1.0,0.5807017210384408,0.3786330817530638,0.37983012005934197
sbert_minilm,0.5807017210384408,1.0,0.3394920800376782,0.37392129429686133
labse,0.3786330817530638,0.3394920800376782,1.0,0.3843533386378348
gte_base,0.37983012005934197,0.37392129429686133,0.3843533386378348,1.0
