,sbert_mpnet,sbert_minilm,labse,gte_base
sbert_mpnet,1.0,0.9376959394209776,0.7282421414796936,0.7962822977498994
sbert_minilm,0.9376959394209776,1.0,0.7110526487967391,0.7972636007151678
labse,0.7282421414796936,0.7110526487967391,1.0,0.6088896446855404
gte_base,0.7962822977498993,0.7972636007151678,0.6088896446855404,1.0
