,sbert_mpnet,sbert_minilm,labse,gte_base
sbert_mpnet,1.0,0.9569594717059962,0.8079351813025026,0.9305741252978385
sbert_minilm,0.9569594717059962,1.0,0.810614936278779,0.9331811119134878
labse,0.8079351813025026,0.810614936278779,1.0,0.7898785443854328
gte_base,0.9305741252978385,0.9331811119134877,0.7898785443854328,1.0
