,sbert_mpnet,sbert_minilm,labse,gte_base
sbert_mpnet,1.0,0.6967074269967722,0.6171352858588125,0.6937081640378426
sbert_minilm,0.6967074269967722,1.0,0.5454308529697045,0.5968753184519582
labse,0.6171352858588125,0.5454308529697045,1.0,0.5850475023134296
gte_base,0.6937081640378427,0.5968753184519581,0.5850475023134296,1.0
